1584,1573651603,207495927
1585,1573651603,241616010
1586,1573651603,272583007
1587,1573651603,305573940
1588,1573651603,340162038
1589,1573651603,373159885
1590,1573651603,408756971
1591,1573651603,441632986
1592,1573651603,471532106
1593,1573651603,506407976
1594,1573651603,537962913
1595,1573651603,575663089
1596,1573651603,605005025
1597,1573651603,640974044
1598,1573651603,670901060
1599,1573651603,705826044
1600,1573651603,740911006
1601,1573651603,772650003
1602,1573651603,811253070
1603,1573651603,847171068
1604,1573651603,875499963
1605,1573651603,919177055
1606,1573651603,938955068
1607,1573651603,971419095
1608,1573651604,5042076
1609,1573651604,38723945
1610,1573651604,72926044
1611,1573651604,104751110
1612,1573651604,137553930
1613,1573651604,170898914
1614,1573651604,204358100
1615,1573651604,243392944
1616,1573651604,271310091
1617,1573651604,305586099
1618,1573651604,340771913
1619,1573651604,393975973
1620,1573651604,409172058
1621,1573651604,451432943
1622,1573651604,475833892
1623,1573651604,504129886
1624,1573651604,537779092
1625,1573651604,572735071
1626,1573651604,604289054
1627,1573651604,638720035
1628,1573651604,672075986
1629,1573651604,703846931
1630,1573651604,739775896
1631,1573651604,770713090
1632,1573651604,804670095
1633,1573651604,840388059
1634,1573651604,871712923
1635,1573651604,906303882
1636,1573651604,937180995
1637,1573651604,970530986
1638,1573651605,6447076
1639,1573651605,38352966
1640,1573651605,73322057
1641,1573651605,104485034
1642,1573651605,137623071
1643,1573651605,170761108
1644,1573651605,204575061
1645,1573651605,240919113
1646,1573651605,270453929
1647,1573651605,303977012
1648,1573651605,337199926
1649,1573651605,391719102
1650,1573651605,418349981
1651,1573651605,445765018
1652,1573651605,470901012
1653,1573651605,505404949
1654,1573651605,537038087
1655,1573651605,573081016
1656,1573651605,603847980
1657,1573651605,638736963
1658,1573651605,671241998
1659,1573651605,703500986
1660,1573651605,739711999
1661,1573651605,770117044
1662,1573651605,804661035
1663,1573651605,848931074
1664,1573651605,871438026
1665,1573651605,908044099
1666,1573651605,938179969
1667,1573651605,973576068
1668,1573651606,3283977
1669,1573651606,39700031
1670,1573651606,73401927
1671,1573651606,102868080
1672,1573651606,141136884
1673,1573651606,175905942
1674,1573651606,220535039
1675,1573651606,265002965
1676,1573651606,291013002
1677,1573651606,345448017
1678,1573651606,366564035
1679,1573651606,410654067
1680,1573651606,441565036
1681,1573651606,470472097
1682,1573651606,507080078
1683,1573651606,548392057
1684,1573651606,579581975
1685,1573651606,598320960
1686,1573651606,620187044
1687,1573651606,643824100
1688,1573651606,676160097
1689,1573651606,711405038
1690,1573651606,748656034
1691,1573651606,776097059
1692,1573651606,819427967
1693,1573651606,872066974
1694,1573651606,899297952
1695,1573651606,943167924
1696,1573651606,957158088
1697,1573651606,975234031
1698,1573651607,7097959
1699,1573651607,53946971
1700,1573651607,111814975
1701,1573651607,147448062
1702,1573651607,187047004
1703,1573651607,213355064
1712,1573651607,587804079
1713,1573651607,607004880
1714,1573651607,641834974
1715,1573651607,661578893
1716,1573651607,684884071
1717,1573651607,707731962
1718,1573651607,749291896
1719,1573651607,774424076
1720,1573651607,825176954
1721,1573651607,845613956
1722,1573651607,897466897
1723,1573651607,920892000
1724,1573651607,976656913
1725,1573651607,946016073
1726,1573651608,6905078
1727,1573651608,43917894
1728,1573651608,78274965
1729,1573651608,110033035
1730,1573651608,142817974
1731,1573651608,179905891
1732,1573651608,207847118
1733,1573651608,246695041
1734,1573651608,285197973
1735,1573651608,316787958
1736,1573651608,342760086
1737,1573651608,380108118
1738,1573651608,447841882
1739,1573651608,485096931
1740,1573651608,521991968
1741,1573651608,571247100
1751,1573651608,882369995
1752,1573651608,921365022
1753,1573651608,945240020
1754,1573651608,978672981
1755,1573651609,9737014
1756,1573651609,40929079
1757,1573651609,84028959
1758,1573651609,117316961
1759,1573651609,146770954
1760,1573651609,174021959
1761,1573651609,207767963
1762,1573651609,248234033
1763,1573651609,273895025
1764,1573651609,307507991
1765,1573651609,341716051
1766,1573651609,370697021
1767,1573651609,409622907
1768,1573651609,440351009
1769,1573651609,468151092
1770,1573651609,502274036
1771,1573651609,534612894
1772,1573651609,571017026
1773,1573651609,601634025
1774,1573651609,635643005
1775,1573651609,669018030
1776,1573651609,702857017
1777,1573651609,737801074
1778,1573651609,768178939
1779,1573651609,802894115
1780,1573651609,835381031
1798,1573651610,451426029
1799,1573651610,479731082
1800,1573651610,515594005
1801,1573651610,546135902
1802,1573651610,587542057
1803,1573651610,613193035
1804,1573651610,643543004
1805,1573651610,671616077
1806,1573651610,704643011
1807,1573651610,742557048
1808,1573651610,771668910
1809,1573651610,805955886
1810,1573651610,855658054
1811,1573651610,901127099
1812,1573651610,952457904
1813,1573651610,972759962
1814,1573651610,991061925
1815,1573651611,6465911
1816,1573651611,40313959
1817,1573651611,79948902
1818,1573651611,108784914
1819,1573651611,139107942
1820,1573651611,173568964
1821,1573651611,204284906
1822,1573651611,254719018
1823,1573651611,277333021
1824,1573651611,312341928
1825,1573651611,338641881
1826,1573651611,374317884
1827,1573651611,411530017
1872,1573651612,985322952
1873,1573651613,15315055
1874,1573651613,69448947
1875,1573651613,90853929
1876,1573651613,129935979
1877,1573651613,152344942
1878,1573651613,180680036
1879,1573651613,203876018
1880,1573651613,246979951
1881,1573651613,271308898
1882,1573651613,304626941
1883,1573651613,338717937
1884,1573651613,410644054
1885,1573651613,461816072
1886,1573651613,500237941
1887,1573651613,516916990
1888,1573651613,538003921
1889,1573651613,565829992
1890,1573651613,581291913
1891,1573651613,615448951
1892,1573651613,637516021
1893,1573651613,666450977
1894,1573651613,706918954
1895,1573651613,739556074
1896,1573651613,770188093
1897,1573651613,809367895
1898,1573651613,847454071
1899,1573651613,878245115
1900,1573651613,909267902
1901,1573651613,937998056
1924,1573651614,703037023
1925,1573651614,740202903
1926,1573651614,769617080
1927,1573651614,803133964
1928,1573651614,846805095
1929,1573651614,871280908
1930,1573651614,908940076
1931,1573651614,936203956
1932,1573651614,973427057
1933,1573651615,2126932
1934,1573651615,39325952
1935,1573651615,74265956
1936,1573651615,102510929
1937,1573651615,135224103
1938,1573651615,173368930
1939,1573651615,207669019
1940,1573651615,243617057
1941,1573651615,270718097
1942,1573651615,302783012
1943,1573651615,337904930
1944,1573651615,374284982
1945,1573651615,415019035
1946,1573651615,442275047
1947,1573651615,471471071
1948,1573651615,509126901
1949,1573651615,537436008
1950,1573651615,575577974
1951,1573651615,602336883
1952,1573651615,638492107
1953,1573651615,669387102
1970,1573651616,247358083
1971,1573651616,268718004
1972,1573651616,302962064
1973,1573651616,334959983
1974,1573651616,369374990
1975,1573651616,407440900
1976,1573651616,442365884
1977,1573651616,473468065
1978,1573651616,507922887
1979,1573651616,536636114
1980,1573651616,571451902
1981,1573651616,602797031
1982,1573651616,636246919
1983,1573651616,670293092
1984,1573651616,701869010
1985,1573651616,750641107
1986,1573651616,774596929
1987,1573651616,808538913
1988,1573651616,855899095
1989,1573651616,881803035
1990,1573651616,917476892
1991,1573651616,942918062
1992,1573651616,965715885
1993,1573651617,1391887
1994,1573651617,34717082
1995,1573651617,70311069
1996,1573651617,99612951
1997,1573651617,131762027
1998,1573651617,165611028
1999,1573651617,199042081
2023,1573651618,40924072
2024,1573651618,74052095
2025,1573651618,102783918
2026,1573651618,134399890
2027,1573651618,167834043
2028,1573651618,202964067
2029,1573651618,243515014
2030,1573651618,267055988
2031,1573651618,302457094
2032,1573651618,334873914
2033,1573651618,368289947
2034,1573651618,415718078
2035,1573651618,454655885
2036,1573651618,476701974
2037,1573651618,505073070
2038,1573651618,534621953
2039,1573651618,578653097
2040,1573651618,603584051
2041,1573651618,635313987
2042,1573651618,669101953
2043,1573651618,701715946
2044,1573651618,738836050
2045,1573651618,769740104
2046,1573651618,809281110
2047,1573651618,843458890
2048,1573651618,868459939
2049,1573651618,907572031
2050,1573651618,936100006
2051,1573651618,969640016
2052,1573651619,910043
2103,1573651620,696366071
2104,1573651620,731453895
2105,1573651620,762615919
2106,1573651620,797350883
2107,1573651620,830230951
2108,1573651620,863089084
2109,1573651620,898292064
2110,1573651620,930048942
2111,1573651620,962310075
2112,1573651620,995949029
2113,1573651621,32562971
2114,1573651621,64306974
2115,1573651621,97296953
2116,1573651621,131464004
2117,1573651621,162636041
2118,1573651621,200103998
2119,1573651621,239536046
2120,1573651621,268517017
2121,1573651621,300101995
2122,1573651621,333873987
2123,1573651621,369493961
2124,1573651621,411144971
2125,1573651621,438595056
2126,1573651621,475543975
2127,1573651621,504915952
2128,1573651621,535279989
2129,1573651621,575613975
2130,1573651621,602288961
2131,1573651621,637636899
2132,1573651621,665083885
2153,1573651622,365477085
2154,1573651622,404453039
2155,1573651622,435925006
2156,1573651622,471677064
2157,1573651622,498965024
2158,1573651622,531500101
2159,1573651622,571583986
2160,1573651622,599490880
2161,1573651622,633779048
2162,1573651622,666510105
2163,1573651622,698879003
2164,1573651622,737695932
2165,1573651622,768213033
2166,1573651622,802900075
2167,1573651622,833821058
2168,1573651622,870676040
2169,1573651622,906482934
2170,1573651622,931653976
2171,1573651622,965976953
2172,1573651622,997916936
2173,1573651623,33447027
2174,1573651623,69998979
2175,1573651623,97795963
2176,1573651623,131345987
2177,1573651623,171118021
2178,1573651623,198175907
2179,1573651623,242902040
2180,1573651623,265989065
2181,1573651623,298871040
2182,1573651623,331456899
2196,1573651623,802189111
2197,1573651623,836158990
2198,1573651623,869369029
2199,1573651623,903980016
2200,1573651623,934878110
2201,1573651623,964380025
2202,1573651624,206947
2203,1573651624,32088041
2204,1573651624,71526050
2205,1573651624,100980043
2206,1573651624,131905078
2207,1573651624,164314031
2208,1573651624,199238061
2209,1573651624,241995096
2210,1573651624,266226053
2211,1573651624,297749996
2212,1573651624,331366062
2213,1573651624,369524002
2214,1573651624,403769969
2215,1573651624,439356088
2216,1573651624,463313102
2217,1573651624,493870019
2218,1573651624,527115106
2219,1573651624,562331914
2220,1573651624,593764066
2221,1573651624,629630088
2222,1573651624,660588979
2223,1573651624,693623065
2224,1573651624,729254961
2225,1573651624,760339021
2238,1573651625,193463087
2239,1573651625,230259895
2240,1573651625,263390064
2241,1573651625,296509981
2242,1573651625,331630945
2243,1573651625,365200996
2244,1573651625,404210090
2245,1573651625,432766914
2246,1573651625,465116024
2247,1573651625,501087903
2248,1573651625,530901908
2249,1573651625,572105884
2250,1573651625,596800088
2251,1573651625,631969928
2252,1573651625,665225028
2253,1573651625,696444988
2254,1573651625,733592987
2255,1573651625,767507076
2256,1573651625,800569057
2257,1573651625,832860946
2258,1573651625,868782997
2259,1573651625,902183055
2260,1573651625,932606935
2261,1573651625,964503049
2262,1573651625,998891115
2263,1573651626,38363933
2264,1573651626,70425033
2265,1573651626,96311092
2266,1573651626,132873058
2267,1573651626,164021015
2281,1573651626,630618095
2282,1573651626,663912057
2283,1573651626,696432113
2284,1573651626,735291957
2285,1573651626,763916969
2286,1573651626,798922061
2287,1573651626,835225105
2288,1573651626,868031978
2289,1573651626,902682065
2290,1573651626,930311918
2291,1573651626,969490051
2292,1573651626,997093915
2293,1573651627,30555963
2294,1573651627,68619012
2295,1573651627,96457958
2296,1573651627,130131006
2297,1573651627,168695926
2298,1573651627,197681903
2299,1573651627,238246917
2300,1573651627,263600111
2301,1573651627,297367095
2302,1573651627,329402923
2303,1573651627,369046926
2304,1573651627,409742116
2305,1573651627,432075977
2306,1573651627,464167118
2307,1573651627,497478008
2308,1573651627,529292106
2309,1573651627,571639060
2310,1573651627,596292018
2316,1573651627,808206081
2317,1573651627,842747926
2318,1573651627,876828908
2319,1573651627,902607917
2320,1573651627,931782007
2321,1573651627,963113069
2322,1573651627,995599031
2323,1573651628,30400991
2324,1573651628,66488027
2325,1573651628,96621990
2326,1573651628,131208896
2327,1573651628,166567087
2328,1573651628,195678949
2329,1573651628,235394954
2330,1573651628,263308048
2331,1573651628,297420024
2332,1573651628,329099893
2333,1573651628,364815950
2334,1573651628,402551889
2335,1573651628,431096076
2336,1573651628,464118003
2337,1573651628,493165969
2338,1573651628,525387048
2339,1573651628,562984943
2340,1573651628,597842931
2341,1573651628,631009101
2342,1573651628,662885904
2343,1573651628,697462081
2344,1573651628,731693029
2345,1573651628,763618946
2381,1573651629,961728096
2382,1573651629,997355937
2383,1573651630,30157089
2384,1573651630,64897060
2385,1573651630,95401048
2386,1573651630,128238916
2387,1573651630,162117004
2388,1573651630,195190906
2389,1573651630,235594987
2390,1573651630,262667894
2391,1573651630,295336008
2392,1573651630,329710960
2393,1573651630,361927032
2394,1573651630,415718078
2395,1573651630,432651042
2396,1573651630,463673114
2397,1573651630,501183032
2398,1573651630,529570102
2399,1573651630,567157030
2400,1573651630,596575021
2401,1573651630,629664897
2402,1573651630,662471055
2403,1573651630,694993019
2404,1573651630,733788967
2405,1573651630,761781930
2406,1573651630,800856113
2407,1573651630,841061115
2408,1573651630,863415002
2409,1573651630,902903079
2410,1573651630,927913904
2449,1573651632,227739095
2450,1573651632,257145881
2451,1573651632,290422916
2452,1573651632,323596000
2453,1573651632,357286930
2454,1573651632,394081115
2455,1573651632,425662994
2456,1573651632,462713003
2457,1573651632,494467020
2458,1573651632,527451038
2459,1573651632,563863992
2460,1573651632,595256090
2461,1573651632,628563880
2462,1573651632,660567045
2463,1573651632,693912982
2464,1573651632,732644081
2465,1573651632,760447978
2466,1573651632,797070026
2467,1573651632,841422080
2468,1573651632,870353937
2469,1573651632,896967887
2470,1573651632,928776979
2471,1573651632,960772037
2472,1573651632,996968984
2473,1573651633,33062934
2474,1573651633,65840005
2475,1573651633,94312906
2476,1573651633,127083063
2477,1573651633,160845041
2478,1573651633,193365097
2512,1573651634,326443910
2513,1573651634,364006042
2514,1573651634,400333881
2515,1573651634,438832044
2516,1573651634,465281009
2517,1573651634,497788906
2518,1573651634,526140928
2519,1573651634,564821958
2520,1573651634,594304084
2521,1573651634,630491018
2522,1573651634,659601926
2523,1573651634,693419933
2524,1573651634,731682062
2525,1573651634,770065069
2526,1573651634,796195983
2527,1573651634,841276884
2528,1573651634,881608963
2529,1573651634,901511907
2530,1573651634,926676988
2531,1573651634,959378957
2532,1573651634,992912054
2533,1573651635,27244091
2534,1573651635,64521074
2535,1573651635,97999095
2536,1573651635,125868082
2537,1573651635,161003112
2538,1573651635,194211959
2539,1573651635,237003087
2540,1573651635,260071039
2541,1573651635,292464971
2574,1573651636,394742012
2575,1573651636,423422098
2576,1573651636,455200910
2577,1573651636,489526987
2578,1573651636,522732973
2579,1573651636,557729005
2580,1573651636,589894056
2581,1573651636,622570991
2582,1573651636,655592918
2583,1573651636,688924074
2584,1573651636,723779916
2585,1573651636,759227991
2586,1573651636,791241884
2587,1573651636,823420047
2588,1573651636,854976892
2589,1573651636,894923925
2590,1573651636,925748109
2591,1573651636,958514928
2592,1573651636,997042894
2593,1573651637,27312994
2594,1573651637,70651054
2595,1573651637,95264911
2596,1573651637,126075983
2597,1573651637,162493944
2598,1573651637,194339990
2599,1573651637,231326103
2600,1573651637,260610103
2601,1573651637,293848037
2602,1573651637,324956893
2603,1573651637,358139991
2626,1573651638,124422073
2627,1573651638,158467054
2628,1573651638,191339015
2629,1573651638,231719017
2630,1573651638,259001970
2631,1573651638,291697978
2632,1573651638,325313091
2633,1573651638,357794046
2634,1573651638,402163028
2635,1573651638,429554939
2636,1573651638,460087060
2637,1573651638,492476940
2638,1573651638,527579069
2639,1573651638,562526941
2640,1573651638,592740058
2641,1573651638,626110076
2642,1573651638,659168004
2643,1573651638,691051006
2644,1573651638,733743906
2645,1573651638,757484912
2646,1573651638,792360067
2647,1573651638,832149028
2648,1573651638,862333059
2649,1573651638,899543046
2650,1573651638,925482988
2651,1573651638,957900047
2652,1573651638,991427898
2653,1573651639,25257110
2654,1573651639,63527107
2655,1573651639,93965053
2661,1573651639,290647983
2662,1573651639,326756954
2663,1573651639,358561038
2664,1573651639,406302928
2665,1573651639,431127071
2666,1573651639,457637071
2667,1573651639,491596937
2668,1573651639,525717020
2669,1573651639,563381910
2670,1573651639,591142892
2671,1573651639,630075931
2672,1573651639,657290935
2673,1573651639,694451093
2674,1573651639,730664968
2675,1573651639,760267019
2676,1573651639,791775941
2677,1573651639,832489967
2678,1573651639,858877897
2679,1573651639,901156902
2680,1573651639,924396038
2681,1573651639,962321043
2682,1573651639,991535902
2683,1573651640,26194095
2684,1573651640,62341928
2685,1573651640,90842962
2686,1573651640,124223947
2687,1573651640,153759956
2688,1573651640,186811923
2689,1573651640,223254919
2690,1573651640,253819942
2701,1573651640,625574111
2702,1573651640,657201051
2703,1573651640,691117048
2704,1573651640,727154970
2705,1573651640,763700008
2706,1573651640,793790102
2707,1573651640,832849025
2708,1573651640,857877016
2709,1573651640,903105020
2710,1573651640,923899888
2711,1573651640,958755016
2712,1573651640,990792036
2713,1573651641,24822950
2714,1573651641,65360069
2715,1573651641,91057062
2716,1573651641,124809980
2717,1573651641,163158893
2718,1573651641,191325902
2719,1573651641,233854055
2720,1573651641,257745027
2721,1573651641,290175914
2722,1573651641,324301004
2723,1573651641,356394052
2724,1573651641,396728038
2725,1573651641,441809892
2726,1573651641,471390962
2727,1573651641,493664979
2728,1573651641,524420022
2729,1573651641,562618970
2730,1573651641,592068910
2745,1573651642,92309951
2746,1573651642,131469011
2747,1573651642,158689022
2748,1573651642,190043926
2749,1573651642,229697942
2750,1573651642,257515907
2751,1573651642,289520025
2752,1573651642,323386907
2753,1573651642,356085062
2754,1573651642,402870893
2755,1573651642,429301977
2756,1573651642,466634988
2757,1573651642,504113912
2758,1573651642,531641960
2759,1573651642,562824964
2760,1573651642,593939065
2761,1573651642,625838041
2762,1573651642,656157016
2763,1573651642,691427946
2764,1573651642,730412960
2765,1573651642,766686916
2766,1573651642,795272111
2767,1573651642,832511901
2768,1573651642,879527091
2769,1573651642,895615100
2770,1573651642,926795005
2771,1573651642,955666065
2772,1573651642,990298032
2773,1573651643,24050951
2774,1573651643,61825037
2795,1573651643,753330945
2796,1573651643,789345026
2797,1573651643,821470975
2798,1573651643,855565071
2799,1573651643,890963077
2800,1573651643,919276952
2801,1573651643,954030036
2802,1573651643,988430023
2803,1573651644,20720005
2804,1573651644,55916070
2805,1573651644,89242935
2806,1573651644,118995904
2807,1573651644,151936054
2808,1573651644,184849023
2809,1573651644,221263885
2810,1573651644,254390001
2811,1573651644,284977912
2812,1573651644,318639993
2813,1573651644,352109909
2814,1573651644,392302036
2815,1573651644,432745933
2816,1573651644,463080883
2817,1573651644,490312099
2818,1573651644,521912097
2819,1573651644,563596010
2820,1573651644,591161966
2821,1573651644,627239942
2822,1573651644,655617952
2823,1573651644,693628072
2824,1573651644,727164983
2852,1573651645,655301094
2853,1573651645,694386005
2854,1573651645,726605892
2855,1573651645,755520105
2856,1573651645,791078090
2857,1573651645,827193021
2858,1573651645,865128993
2859,1573651645,898452043
2860,1573651645,927589893
2861,1573651645,954847097
2862,1573651645,987600088
2863,1573651646,33895015
2864,1573651646,64687013
2865,1573651646,90162992
2866,1573651646,121119022
2867,1573651646,158771991
2868,1573651646,187984943
2869,1573651646,231937885
2870,1573651646,255328893
2871,1573651646,289895057
2872,1573651646,321461915
2873,1573651646,355899095
2874,1573651646,398992061
2875,1573651646,424202919
2876,1573651646,459737062
2877,1573651646,488100051
2878,1573651646,520840883
2879,1573651646,562125921
2880,1573651646,587529897
2881,1573651646,626172065
2909,1573651647,558794021
2910,1573651647,597687959
2911,1573651647,622164964
2912,1573651647,651782989
2913,1573651647,683171033
2914,1573651647,718542098
2915,1573651647,750185012
2916,1573651647,785368919
2917,1573651647,818680047
2918,1573651647,850966930
2919,1573651647,885432004
2920,1573651647,916974067
2921,1573651647,952292919
2922,1573651647,987700939
2923,1573651648,20967006
2924,1573651648,56994915
2925,1573651648,86790084
2926,1573651648,117053985
2927,1573651648,151720046
2928,1573651648,183593988
2929,1573651648,220720052
2930,1573651648,251511096
2931,1573651648,283458948
2932,1573651648,317636966
2933,1573651648,350383043
2934,1573651648,391932964
2935,1573651648,420448064
2936,1573651648,452817916
2937,1573651648,485831975
2938,1573651648,518655061
2950,1573651648,916518926
2951,1573651648,948940992
2952,1573651648,982144117
2953,1573651649,17189025
2954,1573651649,50898075
2955,1573651649,83647966
2956,1573651649,115478038
2957,1573651649,150501012
2958,1573651649,182208061
2959,1573651649,220321893
2960,1573651649,249219894
2961,1573651649,282742023
2962,1573651649,315948963
2963,1573651649,348717927
2964,1573651649,390770912
2965,1573651649,421133995
2966,1573651649,449703931
2967,1573651649,481851100
2968,1573651649,515398979
2969,1573651649,550873994
2970,1573651649,581903934
2971,1573651649,617624998
2972,1573651649,648957967
2973,1573651649,682050943
2974,1573651649,718261957
2975,1573651649,748898029
2976,1573651649,788183927
